{"cameraMode":{"drawMode":0,"name":"Shaded","section":"Shading Mode"},"sceneLighting":true,"audioPlay":false,"sceneViewState":{"m_AlwaysRefresh":false,"showFog":true,"showSkybox":true,"showFlares":true,"showImageEffects":true,"showParticleSystems":true,"showVisualEffectGraphs":true,"m_FxEnabled":true},"in2DMode":false,"pivot":{"x":2.813140630722046,"y":0.4631592035293579,"z":0.6989402770996094},"rotation":{"x":0.42621904611587527,"y":-0.017638323828577997,"z":0.008312229067087174,"w":0.9044110774993897},"size":8.935626983642579,"orthographic":false}