{"cameraMode":{"drawMode":0,"name":"Shaded","section":"Shading Mode"},"sceneLighting":true,"audioPlay":false,"sceneViewState":{"m_AlwaysRefresh":false,"showFog":true,"showSkybox":true,"showFlares":true,"showImageEffects":true,"showParticleSystems":true,"showVisualEffectGraphs":true,"m_FxEnabled":true},"in2DMode":false,"pivot":{"x":-0.03274788334965706,"y":1.1935756206512452,"z":1.50346040725708},"rotation":{"x":0.01137662585824728,"y":0.8830932378768921,"z":-0.46855369210243227,"w":0.021471386775374414},"size":5.217066287994385,"orthographic":false}